Workbook

Sheet Datenbank
A1: Firma | B1: erste Veröffentlichung | C1: letzte Veröffentlichung | D1: Inhalt letzte Veröffentlichung | E1: Sitz | F1: Bundesland | G1: GF | H1: Insolvenzverwalter | I1: Details | J1: mehr Details
A2: R & S Intensivpflege und Nachsorge GmbH | B2: 45988 | C2: 46232 | D2: Eine Gläubigerversammlung soll über den Verkauf des Unternehmens an besonders Interessierte entscheiden. | E2: Düsseldorf | F2: Nordrhein-Westfalen | G2: Rachid Benaissa Sabi | H2: Rechtsanwalt Martin Lambrecht Mühlenstraße 36, 40213 Düsseldorf | Tel. 0211 8368051-0 | I2: Details | J2: Details
A3: Intensiv Leben GmbH | B3: 46113 | C3: 46223 | D3: Nachträglich angemeldete Forderungen werden schriftlich geprüft; Widersprüche sind bis 24.08.2026 möglich. | E3: Herbrechtingen | F3: Baden-Württemberg | G3: Tanja Tausend | H3: Rechtsanwalt Dr. jur. Marcus Egner Moltkestraße 40, 74072 Heilbronn | Tel. 07131 60990 | insolvenz@haus-des-rechts.de | I3: Details | J3: Details
A4: NOTI Intensivpflege GmbH | B4: 45729 | C4: 46216 | D4: Nachträglich angemeldete und geänderte Forderungen werden schriftlich geprüft; Prüfungsstichtag ist der 13.08.2026. | E4: Remscheid | F4: Nordrhein-Westfalen | G4: Daniela Noti | H4: Rechtsanwalt Sven Bader Hindenburgstr. 30, 42853 Remscheid | Tel. 02191/421010 | I4: Details | J4: Details
A5: Forum Pflege Mayen-Koblenz GmbH | B5: 46216 | C5: 46216 | D5: Der Antrag auf Eröffnung des Insolvenzverfahrens wurde mangels Masse abgewiesen. | E5: Montabaur | F5: Rheinland-Pfalz | G5: Tobias Houy | H5: kein Verwalter bestellt (Antrag am 16.04.2026 mangels Masse abgewiesen) | I5: Details | J5: Details
A6: Luna Ambulanter Intensivpflegedienst MV GmbH | B6: 46203 | C6: 46203 | D6: Nachträglich angemeldete Forderungen werden schriftlich geprüft; Prüfungsstichtag ist der 24.08.2026. | E6: Schwerin | F6: Mecklenburg-Vorpommern | G6: Doreen Doblies | H6: Rechtsanwalt Christian Hafften Alexandrinenstr. 17, 19055 Schwerin | Tel. 0385 572770 | I6: Details | J6: Details
A7: Konstant AIP Ambulante Intensivpflege GmbH | B7: 45330 | C7: 46199 | D7: Nachträglich angemeldete Forderungen werden schriftlich geprüft; Widersprüche müssen bis 30.07.2026 eingehen. | E7: Reiskirchen | F7: Hessen | G7: Ludmila Pavlov | H7: Rechtsanwalt Dr. Hans-Jörg Laudenbach Lahnstraße 1, 35398 Gießen | Tel. 0641/9829218 | I7: Details | J7: Details
A8: Intensiv Ambulant Daheim GmbH | B8: 45343 | C8: 46198 | D8: Die Schlussverteilung wurde genehmigt; auf anerkannte Forderungen soll eine Quote von rund 7,28 % gezahlt werden. | E8: Paderborn | F8: Nordrhein-Westfalen | G8: Uwe Brocksieper (gesetzlicher Vertreter) | H8: Rechtsanwalt Oliver Ehrhardt Neuhäuser Str. 113, 33102 Paderborn | Tel. 05251/180660 | I8: Details | J8: Details
A9: Pflegewerk Berlin GmbH | B9: 46029 | C9: 46198 | D9: Die Vergütungen und Auslagen mehrerer Mitglieder des vorläufigen Gläubigerausschusses wurden festgesetzt. | E9: Berlin | F9: Berlin | G9: Georgios Giannakopoulos, Susanne Giannakopoulos | H9: Rechtsanwalt Frank Brachwitz (PLUTA) Karl-Heinrich-Ulrichs-Straße 24, 10785 Berlin | I9: Details | J9: mehr Details
A10: Intensiv Filter Himenviro GmbH | B10: 46196 | C10: 46196 | D10: Nachträglich angemeldete und geänderte Forderungen werden schriftlich geprüft; Prüfungsstichtag ist der 31.08.2026. | E10: Velbert | F10: Nordrhein-Westfalen | G10: Manoj Garg | H10: Rechtsanwalt Dr. Jens Schmidt Friedrich-Ebert-Str. 146, 42117 Wuppertal | Tel. 0202 302070 | I10: Details | J10: Details
A11: Forum Pflege Intensiv GmbH | B11: 46192 | C11: 46192 | D11: Der Antrag auf Eröffnung des Insolvenzverfahrens wurde mangels Masse abgewiesen. | E11: Montabaur | F11: Rheinland-Pfalz | G11: Tobias Houy | H11: kein Verwalter bestellt | I11: Details | J11: Details
A12: Home Care Intensivpflege GmbH & Co. KG | B12: 45713 | C12: 46189 | D12: Das Verfahren soll mangels kostendeckender Masse eingestellt werden; für die Schlussverteilung steht kein Massebestand zur Verfügung. | E12: Winsen (Aller) | F12: Niedersachsen | G12: Martin Leier (GF der Home Care Verwaltungs GmbH) | H12: Rechtsanwalt Tim F. Gätcke Vogelberg 38, 29227 Celle | Tel. 05141 30284-52 | I12: Details | J12: Details
A13: SRP intensiv-Transport GmbH & Co KG | B13: 46107 | C13: 46184 | D13: Der Insolvenzverwalter hat die Festsetzung seiner Vergütung und Auslagen beantragt; Stellungnahmen waren bis 25.06.2026 möglich. | E13: Mannheim | F13: Baden-Württemberg | G13: Sven Schäfer (GF der SRP Verwaltungs GmbH) | H13: Rechtsanwalt Mirko Lehnert Kasinostraße 9, 64293 Darmstadt | Tel. 06151-3968211 | I13: Details | J13: Details
... A52: flair GmbH ambulanter Beatmungs- und Intensivpflegedienst | B52: 45040 | C52: 45083 | D52: Das Gericht veröffentlichte eine weitere Entscheidung im Insolvenzverfahren. | E52: Nettersheim | F52: Nordrhein-Westfalen | G52: Michael Fink | H52: Rechtsanwältin Kristina Wessing NIERING STOCK TÖMP, Sachsenring 69, 50677 Köln | Tel. 0221 992230-0 | koeln@nst-inso.com | I52: Details | J52: Details

Sheet Entwicklung
A1: Entwicklung der erfassten Insolvenzverfahren
A3: Auswertung nach dem Jahr der ersten Veröffentlichung in Spalte B · 2026 ist ein laufendes Jahr.
A5: Erfasste Fälle gesamt | D5: Fälle 2023 | G5: Fälle 2026* | J5: 2026 ggü. 2023
A6: =SUM($B$11:$B$21) | D6: =$B$18 | G6: =$B$21 | J6: =IF($B$18=0,"–",$B$21/$B$18-1)
A10: Jahr | B10: Neue Verfahren | C10: Kumuliert
A11: 2016 | B11: =COUNTIFS(Datenbank!$B$2:$B$500,">="&DATE(A11,1,1),Datenbank!$B$2:$B$500,"<"&DATE(A11+1,1,1)) | C11: =SUM($B$11:B11)
A12: 2017 | B12: =COUNTIFS(Datenbank!$B$2:$B$500,">="&DATE(A12,1,1),Datenbank!$B$2:$B$500,"<"&DATE(A12+1,1,1)) | C12: =SUM($B$11:B12)
A13: 2018 | B13: =COUNTIFS(Datenbank!$B$2:$B$500,">="&DATE(A13,1,1),Datenbank!$B$2:$B$500,"<"&DATE(A13+1,1,1)) | C13: =SUM($B$11:B13)
A14: 2019 | B14: =COUNTIFS(Datenbank!$B$2:$B$500,">="&DATE(A14,1,1),Datenbank!$B$2:$B$500,"<"&DATE(A14+1,1,1)) | C14: =SUM($B$11:B14)
A15: 2020 | B15: =COUNTIFS(Datenbank!$B$2:$B$500,">="&DATE(A15,1,1),Datenbank!$B$2:$B$500,"<"&DATE(A15+1,1,1)) | C15: =SUM($B$11:B15)
A16: 2021 | B16: =COUNTIFS(Datenbank!$B$2:$B$500,">="&DATE(A16,1,1),Datenbank!$B$2:$B$500,"<"&DATE(A16+1,1,1)) | C16: =SUM($B$11:B16)
A17: 2022 | B17: =COUNTIFS(Datenbank!$B$2:$B$500,">="&DATE(A17,1,1),Datenbank!$B$2:$B$500,"<"&DATE(A17+1,1,1)) | C17: =SUM($B$11:B17)
A18: 2023 | B18: =COUNTIFS(Datenbank!$B$2:$B$500,">="&DATE(A18,1,1),Datenbank!$B$2:$B$500,"<"&DATE(A18+1,1,1)) | C18: =SUM($B$11:B18)
A19: 2024 | B19: =COUNTIFS(Datenbank!$B$2:$B$500,">="&DATE(A19,1,1),Datenbank!$B$2:$B$500,"<"&DATE(A19+1,1,1)) | C19: =SUM($B$11:B19)
A20: 2025 | B20: =COUNTIFS(Datenbank!$B$2:$B$500,">="&DATE(A20,1,1),Datenbank!$B$2:$B$500,"<"&DATE(A20+1,1,1)) | C20: =SUM($B$11:B20)
A21: 2026 | B21: =COUNTIFS(Datenbank!$B$2:$B$500,">="&DATE(A21,1,1),Datenbank!$B$2:$B$500,"<"&DATE(A21+1,1,1)) | C21: =SUM($B$11:B21)
A23: Methodik: Jeder Firmeneintrag zählt einmal und wird dem Jahr seiner ersten erfassten Veröffentlichung zugeordnet. Die Auswertung bildet nur die Unternehmen dieser Arbeitsmappe ab; 2026 ist noch kein vollständiges Jahr.
A26: Erste Veröffentlichung im Datensatz | D26: =MIN(Datenbank!$B$2:$B$500)
A27: Jüngster erfasster Verfahrensstart | D27: =MAX(Datenbank!$B$2:$B$500)
